surveyId,predictions
642,433.0
1792,2211.0
3256,7694.0
3855,2539.0
4889,5189.0
5884,963.0
6955,5386.0
8956,3958.0
9037,1051.0
9537,419.0
11594,254.0
11849,2010.0
12019,1387.0
12436,8428.0
12705,843.0
12842,5602.0
13429,843.0
15914,5386.0
16550,2257.0
18511,628.0
18734,628.0
19026,3123.0
21203,3664.0
21641,6056.0
21906,5557.0
22102,8512.0
23717,5543.0
24689,1964.0
24920,3838.0
25437,1964.0
26098,843.0
26651,4499.0
27551,890.0
27567,2075.0
30973,976.0
31970,354.0
32178,5745.0
32282,2885.0
32525,2955.0
33904,799.0
33921,1252.0
34778,2373.0
36216,661.0
36737,3327.0
36869,6377.0
38125,5114.0
38812,8635.0
39525,254.0
39795,6461.0
40447,87.0
40597,7978.0
40845,254.0
41048,8428.0
41209,478.0
41369,254.0
41476,540.0
41725,2101.0
42000,254.0
42935,6461.0
44791,3958.0
46094,6079.0
47008,981.0
48669,2398.0
49000,1864.0
49038,822.0
49319,254.0
50057,3722.0
51364,5386.0
51795,540.0
52317,6079.0
52326,1951.0
52364,540.0
52481,254.0
53300,7760.0
54076,183.0
54193,2145.0
54624,254.0
55644,5093.0
56496,5093.0
56887,4748.0
58388,1018.0
60548,5398.0
60731,340.0
61092,1746.0
61334,5398.0
62643,958.0
62910,5900.0
63918,1951.0
64178,1180.0
64913,4447.0
66097,581.0
67733,9963.0
67998,7227.0
68018,9963.0
68034,7227.0
69003,643.0
69099,6444.0
70350,4265.0
70662,1910.0
72103,7760.0
72786,6444.0
72854,423.0
73272,2719.0
73905,822.0
74414,5760.0
75195,540.0
76085,6903.0
76528,651.0
76891,8027.0
80169,6091.0
80467,2010.0
80514,982.0
80804,1539.0
81526,1964.0
81908,2823.0
82140,6746.0
82897,1715.0
83363,6118.0
85499,254.0
85744,254.0
86085,9024.0
86312,254.0
88358,6836.0
88734,1964.0
88807,3497.0
89191,4499.0
89854,2025.0
91065,4499.0
91371,2101.0
92621,3958.0
93286,4397.0
94281,29.0
95767,254.0
97031,643.0
97519,1038.0
97774,1038.0
98717,1951.0
100319,1539.0
100802,3465.0
102099,6079.0
102354,907.0
103486,890.0
103942,1020.0
104416,6962.0
104754,581.0
104996,976.0
105415,1539.0
105527,96.0
105876,5928.0
106116,1139.0
106734,254.0
107018,4397.0
107805,976.0
107852,300.0
108647,5386.0
109639,1539.0
110614,6079.0
111408,3227.0
114115,963.0
114412,1007.0
114565,5760.0
116045,2885.0
116713,1910.0
116765,245.0
117073,2885.0
117836,340.0
119104,4499.0
120598,4077.0
120776,651.0
121119,4499.0
121606,1770.0
122269,4331.0
122629,4483.0
125890,4508.0
126223,4734.0
126639,8431.0
127778,1539.0
128326,2474.0
129049,540.0
129365,5386.0
129650,1545.0
130131,2325.0
130660,476.0
130908,4397.0
130951,1910.0
132909,1539.0
133503,6980.0
135015,2556.0
135302,1539.0
135910,254.0
137098,2847.0
137162,540.0
137692,53.0
138802,1715.0
140463,1715.0
140554,6491.0
141046,5745.0
143761,254.0
143877,4136.0
144117,254.0
144900,1545.0
145205,1545.0
148426,3318.0
149333,509.0
151776,254.0
152639,963.0
154400,963.0
154748,254.0
156344,4499.0
156362,5386.0
157004,8818.0
159940,6999.0
161819,1889.0
162863,1539.0
163001,2189.0
165346,3497.0
166537,2885.0
168213,254.0
168356,581.0
168765,1539.0
169363,7739.0
169486,254.0
170255,5149.0
170734,340.0
170978,5024.0
171447,404.0
171930,822.0
173894,1539.0
175932,3427.0
176024,1539.0
176739,540.0
177166,1964.0
181405,4447.0
182238,4397.0
183066,3497.0
183736,2159.0
185408,5386.0
186869,2961.0
188283,4404.0
188842,6643.0
189112,4598.0
189348,4265.0
189393,4598.0
189917,3738.0
190467,3275.0
190540,1893.0
191000,254.0
191380,6171.0
192239,1716.0
193349,2634.0
193382,2885.0
193626,1539.0
195396,1387.0
195442,7552.0
196188,6079.0
196384,1539.0
197262,2163.0
198470,1539.0
199439,623.0
199454,822.0
199609,623.0
200187,1964.0
201775,6091.0
203165,1539.0
203436,5189.0
204045,4854.0
204325,351.0
204372,6874.0
205613,1387.0
208131,254.0
208141,4499.0
211630,2823.0
214369,628.0
216251,2908.0
216505,4735.0
216943,1539.0
218794,2474.0
219338,1951.0
219723,958.0
219872,6310.0
222112,9024.0
222253,340.0
222492,7121.0
223917,7149.0
224506,553.0
224698,53.0
225522,553.0
225884,423.0
225901,423.0
226892,3722.0
227150,581.0
227543,569.0
227715,3722.0
227926,76.0
229205,9493.0
230272,7733.0
231044,540.0
231068,601.0
232110,129.0
233262,601.0
234019,1539.0
234201,5531.0
235083,469.0
235615,1038.0
235795,5149.0
237544,2634.0
239451,2421.0
239466,2922.0
240209,2421.0
241480,7452.0
243432,1539.0
244018,87.0
246061,1387.0
246446,1539.0
246826,9341.0
248378,540.0
249324,3969.0
249648,423.0
250756,1539.0
251083,1716.0
251417,1910.0
254021,2185.0
254993,3979.0
256825,5384.0
257130,5189.0
257206,799.0
259273,843.0
259886,2961.0
260900,540.0
261846,3581.0
261944,2821.0
264952,4397.0
266474,6999.0
268040,1539.0
268044,2570.0
269734,7570.0
269753,843.0
271065,478.0
271483,2885.0
271806,1910.0
272434,963.0
274997,822.0
276157,1910.0
276351,2142.0
276828,1539.0
277666,4638.0
280004,2110.0
280987,1539.0
282848,5412.0
283569,2885.0
283744,3669.0
283767,3275.0
284833,1964.0
284994,2163.0
285258,1525.0
285420,1525.0
285687,2101.0
287158,2634.0
287474,958.0
288062,1712.0
288564,2101.0
288676,391.0
290315,1387.0
291409,1170.0
291516,391.0
291883,581.0
292822,2823.0
293836,1539.0
294274,2885.0
295188,4483.0
296003,2474.0
296543,581.0
298689,1951.0
299015,2823.0
299764,2082.0
299842,1964.0
300503,1531.0
300601,2082.0
301150,4492.0
301204,3583.0
302380,643.0
302885,2955.0
303125,2634.0
303323,2025.0
304238,2961.0
306215,8124.0
307767,1387.0
307987,423.0
309105,4499.0
310213,6079.0
311826,1951.0
312925,3234.0
316345,2885.0
316626,2002.0
318355,1139.0
318385,1387.0
318589,581.0
319132,4492.0
320936,5721.0
321767,581.0
321781,254.0
324650,6999.0
324843,1055.0
326767,6141.0
327207,6141.0
331675,3275.0
331704,4492.0
333024,3177.0
333559,651.0
333689,843.0
334081,6848.0
338763,6999.0
339260,843.0
339270,1712.0
339445,1387.0
339544,843.0
339948,1387.0
340076,3161.0
340119,7978.0
341547,6437.0
342266,4397.0
343404,424.0
344230,7566.0
345268,1086.0
346395,3476.0
349176,1910.0
349927,1387.0
350480,2441.0
352082,3533.0
352579,4492.0
353299,398.0
353347,6962.0
353812,3318.0
354189,651.0
356665,6079.0
357183,1387.0
358381,1288.0
359213,868.0
359358,2211.0
359715,1139.0
360664,2885.0
360929,254.0
361210,1970.0
361382,300.0
362012,2961.0
362302,1964.0
363064,4946.0
363870,4447.0
365642,2294.0
365990,254.0
366812,581.0
368488,4397.0
368850,8208.0
370396,540.0
371990,254.0
372517,1264.0
373055,1964.0
373664,5189.0
374088,1387.0
374879,2101.0
374945,540.0
375129,1715.0
375329,581.0
375527,581.0
376013,3958.0
376037,822.0
376108,3037.0
376199,2587.0
376356,843.0
376520,2180.0
377814,1264.0
378343,1086.0
378452,254.0
379860,5928.0
381032,1951.0
381168,2885.0
383941,1923.0
384453,2101.0
384501,3318.0
386194,3541.0
388245,2722.0
388262,340.0
388529,340.0
388535,2474.0
391154,4638.0
392086,391.0
393276,1387.0
393734,651.0
394495,843.0
397340,6079.0
397487,1387.0
397557,2885.0
397660,249.0
398282,300.0
398410,581.0
399069,6788.0
400142,540.0
401936,996.0
402155,5386.0
402267,5386.0
403524,1951.0
404934,6079.0
404964,7971.0
405731,1350.0
406434,323.0
407576,1387.0
407764,1387.0
408529,2120.0
408877,7790.0
408886,540.0
410042,1910.0
412094,4056.0
412438,890.0
412593,1951.0
412823,1951.0
412964,7808.0
413118,3998.0
414289,254.0
414586,423.0
415333,6950.0
415589,540.0
416653,615.0
416712,963.0
417408,2075.0
418213,3423.0
418261,2556.0
418722,3423.0
418942,6491.0
419731,6999.0
421071,254.0
422417,478.0
422791,3275.0
423144,3275.0
423151,543.0
424628,1140.0
424888,254.0
427126,2961.0
428717,4638.0
430016,6848.0
430898,3067.0
431722,1018.0
431909,4638.0
432556,2291.0
434139,7790.0
434437,3177.0
435206,3356.0
435714,8818.0
437768,840.0
439588,3275.0
440283,840.0
445600,7790.0
447616,424.0
448082,6039.0
450255,4397.0
450466,4397.0
450545,963.0
451365,1378.0
451547,643.0
452978,304.0
453096,392.0
453364,540.0
457274,1038.0
457635,340.0
458106,5557.0
458274,1539.0
458837,811.0
458930,7790.0
462993,3318.0
463172,6909.0
464420,2955.0
466099,896.0
467651,1715.0
467868,148.0
468476,2444.0
468831,1015.0
469442,254.0
470273,5386.0
470711,944.0
471555,7790.0
472806,1024.0
473625,1024.0
475504,581.0
475619,1893.0
475982,963.0
476490,1086.0
476746,540.0
478724,651.0
480028,5739.0
481269,5022.0
481304,5022.0
481540,433.0
481898,2955.0
483227,4397.0
484188,661.0
485042,391.0
486270,540.0
488049,4499.0
488192,5900.0
488421,4541.0
489653,4541.0
490096,140.0
490472,4541.0
491294,7540.0
491691,7540.0
492233,249.0
492567,3835.0
492620,254.0
494115,4558.0
494417,5760.0
497000,6153.0
497120,6153.0
498065,4499.0
498129,423.0
499342,3234.0
500469,822.0
501836,2847.0
501897,1539.0
502100,3865.0
502140,254.0
502532,661.0
502542,2211.0
502623,5526.0
505911,544.0
508123,3272.0
508397,5526.0
509185,540.0
511080,254.0
512107,314.0
513886,958.0
514053,8746.0
514163,5386.0
514279,4077.0
515250,423.0
515384,216.0
515859,4397.0
515963,2761.0
517935,6557.0
518078,3722.0
518766,822.0
518858,540.0
520348,3722.0
521470,3754.0
522144,3754.0
522467,3722.0
522951,2262.0
523724,4638.0
523899,1288.0
524179,4483.0
525862,540.0
526317,540.0
531799,963.0
533415,5189.0
534624,8818.0
535173,4397.0
535370,3177.0
536047,4447.0
537013,4077.0
537508,559.0
538729,3533.0
539747,8124.0
540111,2474.0
541197,2643.0
541744,963.0
542328,5189.0
542380,559.0
543020,2813.0
544097,254.0
544480,254.0
546416,963.0
546648,2908.0
547459,7978.0
548915,4499.0
548954,5071.0
548980,129.0
549172,843.0
550756,7978.0
551048,963.0
552705,963.0
553028,5071.0
553039,2885.0
553905,3340.0
554200,581.0
554956,2386.0
555167,963.0
555379,1539.0
555438,4008.0
556372,1539.0
556740,2753.0
557097,3669.0
558284,2955.0
558581,2885.0
558814,1018.0
558919,3037.0
559255,634.0
560784,3380.0
560904,3380.0
561254,540.0
561624,540.0
562632,540.0
563762,963.0
565655,3954.0
565901,4854.0
566755,702.0
567504,6395.0
568700,1910.0
569566,540.0
571235,6491.0
571343,6491.0
571714,540.0
571770,365.0
572359,540.0
573166,6999.0
573592,963.0
573598,2885.0
574217,254.0
574386,791.0
574409,799.0
576829,1910.0
577896,8151.0
578377,3043.0
579116,963.0
580658,3661.0
582723,53.0
583280,4326.0
583708,540.0
583944,907.0
584279,963.0
585045,2722.0
585230,254.0
585905,963.0
587056,2722.0
589156,3958.0
589515,254.0
589665,4175.0
590015,890.0
590395,6491.0
591536,5206.0
591669,963.0
592474,1018.0
593713,1964.0
594272,254.0
596177,2101.0
597437,3722.0
597763,6903.0
598552,540.0
599768,529.0
599974,2885.0
600525,433.0
601413,958.0
602172,6491.0
603448,3308.0
603766,843.0
604124,2025.0
605046,2753.0
606125,958.0
606523,5398.0
606780,958.0
607266,6989.0
608384,958.0
608765,2025.0
610496,1736.0
612115,540.0
612611,958.0
612795,540.0
613411,1910.0
613490,1964.0
614185,300.0
614580,1534.0
615558,5900.0
616093,3123.0
616352,958.0
618907,3275.0
619466,2847.0
620026,2248.0
621401,890.0
622139,1539.0
622490,441.0
624803,4639.0
625202,5285.0
625646,2184.0
626485,958.0
627233,129.0
627970,3722.0
628058,249.0
628184,2184.0
628973,249.0
630342,1539.0
632152,958.0
633328,1951.0
633821,4483.0
634526,32.0
635360,5804.0
636686,7371.0
637389,5928.0
637643,581.0
638272,4653.0
638734,4492.0
639287,958.0
641880,581.0
642166,254.0
642526,2471.0
643458,2715.0
644489,3427.0
644611,4176.0
645911,958.0
646486,5115.0
646767,540.0
647612,96.0
648033,6235.0
648111,5386.0
648741,540.0
649500,890.0
649625,540.0
649818,269.0
650292,6914.0
651093,3125.0
651137,1539.0
651317,1180.0
651733,1539.0
652816,4499.0
653655,1716.0
654238,3067.0
654616,2025.0
654744,5412.0
655067,540.0
655406,4483.0
659695,4447.0
659853,4447.0
659977,540.0
660441,2490.0
661147,3161.0
662151,1276.0
663032,890.0
663172,540.0
664467,540.0
665529,5542.0
665775,875.0
666075,5542.0
666781,963.0
669898,8428.0
670425,6915.0
671750,540.0
672293,1910.0
673474,5884.0
677045,6491.0
677062,2441.0
677115,6491.0
677843,4397.0
678151,6788.0
678363,1964.0
678507,1510.0
680355,6491.0
680631,907.0
681781,423.0
682332,963.0
682562,2386.0
683302,1910.0
686279,1180.0
686341,5242.0
686414,540.0
686616,1387.0
687768,2587.0
688660,4659.0
689968,4638.0
690698,2753.0
690703,890.0
693400,7121.0
693658,5249.0
694240,6962.0
695025,4530.0
695115,96.0
697041,890.0
697592,581.0
698250,540.0
698574,4758.0
699826,4013.0
700123,2885.0
701190,3438.0
701308,3236.0
702180,6788.0
703023,3944.0
703287,3738.0
704373,540.0
705584,540.0
706175,2211.0
706536,5166.0
707061,958.0
707674,1951.0
707898,2847.0
708811,2211.0
709346,2474.0
711669,1910.0
714827,2949.0
715707,4628.0
716664,623.0
716728,540.0
717129,6788.0
717443,6788.0
717877,2025.0
718680,1020.0
720801,2025.0
721915,2885.0
724132,8431.0
724360,540.0
725001,2847.0
726155,254.0
726816,6275.0
727115,3497.0
730057,4397.0
730181,822.0
730418,2885.0
731901,8807.0
732487,3581.0
734362,7121.0
734539,1758.0
734665,791.0
735039,1497.0
739265,958.0
739288,2922.0
739494,4027.0
740434,2002.0
742700,1497.0
743282,540.0
746646,423.0
748120,6529.0
748819,5189.0
750185,4638.0
750661,791.0
751545,958.0
751839,423.0
752078,1288.0
753152,2767.0
753276,3803.0
754078,1160.0
758193,907.0
758672,8431.0
759708,791.0
760282,1736.0
761825,2847.0
762927,4854.0
763425,2608.0
764809,4397.0
765317,540.0
765401,2922.0
766774,1715.0
767346,963.0
767502,963.0
768088,3275.0
768590,1677.0
768792,2101.0
770263,791.0
770265,544.0
775252,1288.0
776114,6999.0
777547,5335.0
777881,791.0
778205,540.0
778476,822.0
779424,204.0
779530,254.0
780438,791.0
780658,254.0
780792,2106.0
780840,843.0
781408,3958.0
781946,3958.0
787055,1015.0
787082,4499.0
787938,2025.0
789568,5189.0
789583,1092.0
790198,6903.0
791532,4483.0
791893,1007.0
792975,5384.0
794830,4508.0
795109,3722.0
795164,1794.0
795214,5507.0
795724,1794.0
796042,4734.0
796182,1794.0
796563,3696.0
797488,3277.0
797923,791.0
799749,5114.0
801146,340.0
801621,1078.0
801649,4734.0
804433,4078.0
804558,5420.0
804826,3067.0
806049,6962.0
807910,340.0
808198,890.0
809158,1910.0
809590,509.0
812050,890.0
812380,2783.0
812653,3610.0
812722,791.0
812988,6915.0
813395,661.0
813605,733.0
814345,254.0
814654,1387.0
816156,433.0
816378,2885.0
816825,2885.0
817672,7648.0
817873,7648.0
818050,2823.0
819266,1276.0
819716,5386.0
819718,340.0
820271,2025.0
820534,169.0
820673,540.0
820958,1288.0
821369,9710.0
821388,9710.0
822583,254.0
822590,958.0
822961,958.0
823615,2101.0
825839,4447.0
828054,963.0
829670,462.0
829837,254.0
830661,4638.0
831101,3375.0
831328,2101.0
831614,1264.0
832689,254.0
833967,1018.0
835458,1254.0
835585,476.0
836420,791.0
836863,2961.0
836990,2961.0
837773,1951.0
839285,4842.0
842860,254.0
843314,300.0
844458,3497.0
844917,3497.0
845404,581.0
845685,2823.0
846511,300.0
847303,540.0
847544,300.0
849417,2337.0
849683,300.0
850210,791.0
850239,540.0
850353,1018.0
850601,3722.0
850606,3969.0
850963,3969.0
851386,3722.0
851987,254.0
852615,1888.0
853303,557.0
853408,1910.0
853788,5758.0
853975,557.0
855453,1715.0
857002,2211.0
857705,2823.0
858716,8151.0
862220,8818.0
865146,2211.0
866351,2747.0
867496,3051.0
867643,2747.0
867703,3177.0
870620,1086.0
871537,958.0
871589,3969.0
872567,254.0
874736,791.0
874905,5114.0
875583,540.0
876437,433.0
878848,8949.0
880515,4077.0
880654,5745.0
881749,254.0
881951,254.0
882544,2885.0
882760,6331.0
883506,581.0
884004,786.0
884440,540.0
884934,540.0
885112,791.0
885344,254.0
886362,791.0
886895,643.0
887224,540.0
887421,643.0
890118,6643.0
890472,6643.0
891281,2025.0
891327,4499.0
891782,476.0
892150,2634.0
893923,963.0
896581,4854.0
897391,963.0
898688,53.0
899063,3438.0
899211,791.0
901016,53.0
901844,2684.0
904046,1716.0
904105,1451.0
904251,1716.0
906671,341.0
907561,5386.0
910820,3067.0
910836,1716.0
910938,3067.0
911733,838.0
911754,3594.0
913189,623.0
913818,6091.0
914078,3738.0
914489,340.0
915304,254.0
915665,2719.0
917471,4638.0
918020,254.0
918031,2101.0
918917,2885.0
919100,913.0
919364,1964.0
920308,4871.0
920575,1024.0
921245,3427.0
921439,1018.0
924632,1544.0
926108,1761.0
927152,822.0
927200,822.0
927322,5704.0
928151,6643.0
928163,4854.0
929263,1964.0
929409,3275.0
930052,3969.0
932481,3227.0
932644,249.0
935450,822.0
936527,694.0
936863,2823.0
936867,3067.0
937726,5474.0
938572,2621.0
939354,1654.0
940569,3021.0
941088,651.0
942711,3021.0
943197,96.0
943746,958.0
944846,1964.0
945882,305.0
947665,3581.0
948086,958.0
949678,4397.0
950540,254.0
951580,3722.0
952480,1964.0
952778,5189.0
953462,907.0
953964,822.0
954688,812.0
954701,1964.0
956281,1793.0
958268,2777.0
959670,540.0
960008,2262.0
961300,2885.0
963353,1715.0
964643,2075.0
964851,5928.0
964893,478.0
965050,1086.0
966601,391.0
967703,1051.0
969395,581.0
969859,822.0
970642,2813.0
971212,7315.0
971272,7315.0
971961,822.0
972854,2211.0
973226,822.0
973436,822.0
973897,822.0
974239,340.0
975242,8639.0
975981,3037.0
976441,2488.0
977026,254.0
977525,3037.0
978348,890.0
979904,1910.0
980360,6310.0
980411,3037.0
981011,2101.0
981451,2180.0
982230,540.0
982525,1131.0
983280,4814.0
983709,694.0
984921,1957.0
984932,5386.0
985265,254.0
986702,1758.0
988358,1131.0
989172,4985.0
989370,540.0
989599,958.0
992101,3958.0
992365,254.0
992607,254.0
992683,254.0
993370,74.0
993965,1264.0
995066,5900.0
995170,74.0
995503,3092.0
995511,74.0
997480,5900.0
997728,5900.0
999010,3092.0
999994,53.0
1001507,7121.0
1001615,254.0
1001966,2337.0
1002519,7880.0
1002912,2101.0
1003026,7760.0
1005506,3214.0
1005647,6551.0
1005794,5285.0
1009086,1910.0
1009318,1716.0
1010555,254.0
1011374,6685.0
1012526,4530.0
1012535,7121.0
1013213,2813.0
1013430,1888.0
1016823,2142.0
1017939,694.0
1018072,8705.0
1019118,3969.0
1021017,2386.0
1022341,7227.0
1023105,2025.0
1024269,2386.0
1025258,114.0
1025521,2885.0
1026733,4128.0
1028097,469.0
1029545,2421.0
1029758,843.0
1032342,2955.0
1032751,651.0
1033132,6491.0
1033376,2101.0
1033770,4499.0
1034681,3234.0
1035519,1910.0
1035976,5116.0
1036944,6491.0
1037038,2101.0
1037096,2101.0
1038330,2373.0
1040041,2356.0
1041698,5704.0
1042184,5803.0
1043322,1525.0
1043731,3177.0
1044581,2386.0
1044656,3738.0
1046723,2262.0
1047371,1770.0
1047787,1770.0
1049596,7760.0
1055154,3722.0
1055201,2813.0
1055329,2813.0
1055986,2556.0
1056639,2485.0
1058950,5804.0
1060820,7644.0
1062715,7207.0
1063006,3123.0
1064205,2556.0
1065462,4508.0
1066251,4871.0
1068513,3096.0
1069463,540.0
1070668,7333.0
1071202,30.0
1071314,728.0
1071650,2885.0
1073642,478.0
1074074,5220.0
1076606,3792.0
1077685,1910.0
1077894,1964.0
1078934,180.0
1081324,5018.0
1081686,2025.0
1081915,1964.0
1083742,433.0
1086740,6855.0
1090173,963.0
1091228,424.0
1091366,148.0
1093823,3275.0
1095158,2282.0
1095353,2282.0
1096522,2211.0
1097098,254.0
1097351,1712.0
1097885,457.0
1099240,1539.0
1099284,661.0
1099459,661.0
1099822,907.0
1100584,4447.0
1100631,96.0
1102451,1133.0
1103117,6915.0
1103489,2262.0
1105004,5149.0
1105048,96.0
1105993,254.0
1106554,2643.0
1106849,4341.0
1106936,6079.0
1107785,4013.0
1109256,1180.0
1110679,7566.0
1111084,7566.0
1111388,96.0
1111459,2788.0
1111883,6989.0
1112132,1424.0
1112752,958.0
1113468,5739.0
1116420,4492.0
1117889,581.0
1118075,1626.0
1120273,96.0
1120391,2386.0
1120898,6962.0
1120917,963.0
1121243,540.0
1121964,254.0
1122497,254.0
1123600,96.0
1125349,822.0
1125626,1539.0
1127822,1314.0
1128901,2055.0
1129410,540.0
1130679,7706.0
1131330,7706.0
1131542,53.0
1132097,4397.0
1132469,53.0
1134276,51.0
1134627,96.0
1135127,2762.0
1135579,2211.0
1135985,2025.0
1136540,254.0
1137138,2218.0
1137367,3958.0
1138274,2218.0
1138605,1770.0
1139097,2211.0
1141593,254.0
1143182,4398.0
1143212,96.0
1143655,1018.0
1143898,540.0
1144713,3161.0
1146616,249.0
1146774,1964.0
1146966,469.0
1147356,581.0
1148509,3123.0
1148540,1160.0
1149306,2025.0
1149552,1170.0
1150094,1544.0
1150446,1162.0
1150609,540.0
1150620,581.0
1150951,509.0
1151033,2184.0
1152006,5445.0
1153711,2386.0
1154465,96.0
1156056,1964.0
1156966,3236.0
1158343,3236.0
1160019,651.0
1160280,1040.0
1160460,5018.0
1161374,581.0
1162381,2282.0
1163167,5557.0
1163286,963.0
1163395,2282.0
1164336,3067.0
1164489,96.0
1164900,6275.0
1167078,963.0
1167283,433.0
1167538,1539.0
1168130,963.0
1168833,3318.0
1168850,593.0
1168871,2753.0
1169401,254.0
1169508,6827.0
1169829,6703.0
1172615,1539.0
1173450,6915.0
1173911,3067.0
1174090,2257.0
1174151,365.0
1176449,3294.0
1177931,4701.0
1178329,2885.0
1179237,2813.0
1179238,3375.0
1179348,963.0
1179827,3161.0
1180144,433.0
1181437,4702.0
1182625,4176.0
1184345,1903.0
1185066,4701.0
1185440,8431.0
1188114,254.0
1190337,5095.0
1190357,3722.0
1191395,581.0
1192616,254.0
1192973,5384.0
1194121,3108.0
1194704,5420.0
1195234,963.0
1197158,811.0
1197662,2163.0
1198629,2823.0
1201018,1910.0
1201408,3497.0
1201701,791.0
1202174,254.0
1203885,963.0
1205929,2643.0
1207150,254.0
1207439,2291.0
1207452,2885.0
1207625,963.0
1208397,1391.0
1210689,2163.0
1212125,2163.0
1212311,2587.0
1214773,423.0
1215496,3161.0
1216263,8027.0
1216374,1703.0
1217262,2885.0
1219362,2101.0
1220179,2163.0
1220269,3161.0
1220559,2163.0
1220757,3414.0
1222092,5474.0
1223154,2163.0
1223616,5474.0
1225005,5829.0
1226782,7536.0
1227471,8961.0
1228722,958.0
1229105,1964.0
1229372,4397.0
1230439,53.0
1230662,7333.0
1230672,7333.0
1232102,3375.0
1234539,868.0
1234636,540.0
1235242,1180.0
1235381,1818.0
1235400,254.0
1236438,1214.0
1237329,2885.0
1237499,1988.0
1237882,963.0
1239456,6491.0
1241960,146.0
1242503,963.0
1243138,478.0
1243436,3838.0
1243849,2908.0
1244279,5130.0
1244606,254.0
1245452,3438.0
1246446,6914.0
1246822,581.0
1247851,53.0
1248236,4431.0
1249535,249.0
1251643,7978.0
1252995,1758.0
1253280,2798.0
1254450,3294.0
1254555,1069.0
1255127,4176.0
1255509,1531.0
1256108,2308.0
1258124,6079.0
1261485,694.0
1262898,2474.0
1263467,1888.0
1264257,5420.0
1264327,694.0
1265365,254.0
1265994,3838.0
1268853,6079.0
1269320,1170.0
1269905,4397.0
1270831,1964.0
1271471,3476.0
1272747,4638.0
1274481,6091.0
1274534,3340.0
1274632,822.0
1274895,478.0
1275179,96.0
1276183,478.0
1276256,2031.0
1276436,581.0
1276510,96.0
1277366,96.0
1277383,478.0
1278138,8229.0
1278911,1288.0
1279248,8431.0
1279383,661.0
1281073,3251.0
1281786,254.0
1281815,2101.0
1281821,3294.0
1283507,1180.0
1285308,3885.0
1287578,509.0
1288144,2629.0
1288949,7552.0
1289399,5300.0
1289416,509.0
1290843,509.0
1291890,254.0
1292129,4499.0
1292587,1421.0
1292622,478.0
1293643,509.0
1294334,3275.0
1294750,5115.0
1295304,5383.0
1295382,5773.0
1298007,6788.0
1298795,3993.0
1301910,843.0
1303424,786.0
1303879,8124.0
1304654,6962.0
1304678,5420.0
1305062,5420.0
1305946,6079.0
1306310,2428.0
1306570,3722.0
1306665,958.0
1307280,1910.0
1307774,661.0
1308167,6079.0
1309255,3497.0
1309480,8746.0
1310697,6331.0
1310739,4216.0
1312055,651.0
1312540,581.0
1313150,1037.0
1313846,3885.0
1314750,2747.0
1315631,581.0
1315711,540.0
1319667,5412.0
1319905,4341.0
1320129,254.0
1320234,2921.0
1321133,3375.0
1321649,4483.0
1324562,478.0
1326818,2788.0
1328967,2398.0
1331275,2211.0
1331945,4499.0
1332699,2753.0
1332933,5189.0
1333959,976.0
1334458,478.0
1334625,254.0
1337387,9881.0
1338340,2101.0
1338523,1715.0
1338734,6491.0
1340768,5386.0
1341487,4027.0
1345188,254.0
1345997,1964.0
1346119,1818.0
1346183,4902.0
1346814,254.0
1348091,1539.0
1348647,3969.0
1349218,478.0
1349598,963.0
1349640,4397.0
1350151,4558.0
1350283,963.0
1352960,3738.0
1353315,3738.0
1354367,3037.0
1354743,4136.0
1356379,4638.0
1357334,478.0
1359031,3123.0
1359308,1716.0
1361197,540.0
1361318,963.0
1361456,1964.0
1362500,5739.0
1362588,1793.0
1362648,433.0
1363299,3471.0
1363359,2885.0
1364615,5071.0
1364866,1539.0
1364917,433.0
1367513,2643.0
1367674,340.0
1367855,540.0
1368717,2643.0
1369088,2101.0
1369486,540.0
1369623,2885.0
1370042,843.0
1370290,6788.0
1371656,905.0
1372430,905.0
1373494,4748.0
1374843,1758.0
1374902,6962.0
1375588,2145.0
1375633,8316.0
1375936,1187.0
1378635,9816.0
1379379,8428.0
1379553,254.0
1379929,1716.0
1383181,5386.0
1383354,4397.0
1383980,643.0
1385976,300.0
1387647,9150.0
1387901,3123.0
1388119,6079.0
1388591,1525.0
1389463,958.0
1390435,6588.0
1391602,5022.0
1392156,5771.0
1392363,1951.0
1392556,4492.0
1393183,822.0
1393501,5196.0
1394378,171.0
1395036,2488.0
1396694,2885.0
1397319,53.0
1397589,2957.0
1398931,2908.0
1399389,2262.0
1399791,2308.0
1399964,890.0
1400043,5196.0
1400324,843.0
1402048,2025.0
1402922,843.0
1405130,1539.0
1405423,5542.0
1407389,5542.0
1409001,1051.0
1409602,890.0
1409615,3958.0
1410779,6962.0
1411895,254.0
1412811,822.0
1414854,3659.0
1415283,433.0
1416019,2684.0
1416157,581.0
1416297,1350.0
1417850,96.0
1418226,1350.0
1419039,254.0
1421066,1264.0
1422491,822.0
1425706,2471.0
1425968,540.0
1426769,1258.0
1427989,5386.0
1428987,340.0
1429407,6821.0
1429899,1910.0
1430175,6097.0
1431223,3275.0
1433751,1951.0
1433858,5928.0
1433876,843.0
1434667,958.0
1435081,4077.0
1436071,3020.0
1436084,4671.0
1437224,254.0
1440204,394.0
1440763,2386.0
1441816,581.0
1442928,271.0
1444497,7333.0
1445701,1716.0
1446398,4508.0
1446590,1951.0
1447049,7048.0
1447223,1910.0
1447345,1910.0
1449569,2885.0
1449669,2847.0
1449744,2046.0
1450295,1951.0
1451409,304.0
1452172,4628.0
1452589,340.0
1454491,581.0
1454635,1715.0
1454727,4734.0
1455321,4297.0
1457367,2009.0
1457851,2799.0
1459456,1951.0
1460166,2885.0
1460193,7122.0
1460820,8163.0
1461034,2799.0
1461112,8163.0
1461329,1346.0
1462725,1758.0
1465047,6079.0
1467405,1951.0
1468451,651.0
1468981,254.0
1469194,254.0
1470137,1893.0
1471629,811.0
1473067,254.0
1473493,6310.0
1474165,254.0
1474440,1857.0
1478822,53.0
1479250,4397.0
1480633,1018.0
1481011,4087.0
1482383,7137.0
1483514,623.0
1483658,2953.0
1483891,1086.0
1484007,2211.0
1484442,2211.0
1485840,581.0
1487534,340.0
1487554,2973.0
1489569,843.0
1489682,3380.0
1490380,8802.0
1491005,1964.0
1491646,1951.0
1492134,2025.0
1492810,5420.0
1493052,1910.0
1493972,2823.0
1495229,423.0
1495476,1951.0
1495975,2922.0
1497002,3123.0
1497516,3879.0
1498270,254.0
1498505,4186.0
1498508,1951.0
1500672,540.0
1500893,5386.0
1502606,4397.0
1505254,2961.0
1505371,254.0
1507484,2301.0
1508365,4628.0
1508494,4628.0
1511690,2885.0
1514628,694.0
1515146,2885.0
1516854,540.0
1517913,3125.0
1518216,433.0
1518868,2398.0
1519250,9771.0
1519973,822.0
1520816,4202.0
1521281,129.0
1521340,976.0
1523037,8760.0
1526088,6686.0
1526377,6686.0
1527393,4397.0
1529847,1018.0
1530438,254.0
1530491,9707.0
1530809,1736.0
1531216,822.0
1531741,8124.0
1533157,843.0
1534820,4902.0
1536659,4397.0
1537805,1223.0
1538817,651.0
1538947,3123.0
1539260,8746.0
1539932,4397.0
1540523,4397.0
1540744,2644.0
1540870,6964.0
1541714,6310.0
1541794,267.0
1542816,5542.0
1543165,4397.0
1544488,254.0
1544490,6079.0
1544861,398.0
1545397,2961.0
1545994,1677.0
1547482,2587.0
1548365,5519.0
1548560,4397.0
1548678,2683.0
1548834,643.0
1550182,4015.0
1551412,9207.0
1551911,2180.0
1553534,868.0
1553957,6999.0
1554649,7978.0
1554993,3838.0
1554998,1539.0
1555350,3334.0
1557233,2630.0
1558683,2587.0
1558755,4397.0
1560272,340.0
1560419,4397.0
1560876,5980.0
1565091,4397.0
1565256,3161.0
1565375,3294.0
1565631,735.0
1567289,3214.0
1569172,1951.0
1570233,6962.0
1570791,2885.0
1570807,4483.0
1573208,1288.0
1573744,2373.0
1574012,1170.0
1577451,1761.0
1578817,3318.0
1578883,254.0
1581095,1497.0
1582468,1258.0
1582488,5018.0
1582818,1258.0
1583596,1497.0
1584859,9710.0
1588152,6491.0
1589994,4397.0
1590482,5386.0
1592146,2211.0
1592384,1254.0
1592422,3803.0
1593187,305.0
1593876,2488.0
1594032,1525.0
1594613,5231.0
1594665,4638.0
1597376,457.0
1597522,3255.0
1597844,2955.0
1599275,3255.0
1600547,2885.0
1601703,3177.0
1602453,423.0
1602455,4628.0
1606333,6119.0
1607814,8177.0
1607984,254.0
1609669,4483.0
1609784,2587.0
1610454,1951.0
1610479,3958.0
1610524,53.0
1611598,254.0
1613329,96.0
1613420,6707.0
1614542,2002.0
1614915,340.0
1615403,2885.0
1615879,5386.0
1617014,2211.0
1617241,340.0
1618718,540.0
1620206,3375.0
1620681,843.0
1621146,1254.0
1621475,6226.0
1622438,96.0
1622549,1924.0
1625063,129.0
1625415,1794.0
1626291,1170.0
1627323,963.0
1628315,9458.0
1629528,254.0
1629629,4483.0
1630074,1276.0
1630813,254.0
1634227,843.0
1635156,7760.0
1636210,5122.0
1636875,1038.0
1638629,651.0
1639490,6643.0
1640809,1170.0
1641212,2024.0
1641998,7957.0
1642778,1910.0
1644219,4447.0
1645877,963.0
1646013,391.0
1647011,340.0
1648699,146.0
1648963,3123.0
1649318,1018.0
1651616,96.0
1653456,254.0
1653776,254.0
1653958,3677.0
1655360,3879.0
1656192,7760.0
1656746,1020.0
1656831,4567.0
1656875,7978.0
1657583,3958.0
1660133,4492.0
1661408,540.0
1661777,540.0
1664436,540.0
1664717,167.0
1665221,1170.0
1665340,254.0
1665952,1910.0
1666063,643.0
1666335,643.0
1669145,4397.0
1669496,963.0
1670181,305.0
1670507,3497.0
1670585,2421.0
1671416,2813.0
1672377,4638.0
1673128,5386.0
1673893,6999.0
1675795,2788.0
1678575,2823.0
1679411,5189.0
1681524,540.0
1681525,254.0
1681674,843.0
1682360,1964.0
1682704,540.0
1683451,4492.0
1684817,3275.0
1685588,2308.0
1685784,7817.0
1686336,6079.0
1686948,1545.0
1688540,3275.0
1690119,2885.0
1690156,423.0
1690377,2885.0
1690993,2337.0
1691277,5189.0
1693108,1276.0
1693571,305.0
1695786,694.0
1695841,1304.0
1695894,1539.0
1696178,249.0
1697300,2308.0
1698789,7333.0
1699296,254.0
1699378,5300.0
1699871,2163.0
1701762,2885.0
1703819,540.0
1704283,2308.0
1704651,4397.0
1706985,6643.0
1709533,7536.0
1710412,10073.0
1711331,53.0
1711415,3020.0
1711911,2753.0
1712335,2753.0
1714092,2308.0
1715716,7817.0
1715945,4397.0
1716206,1086.0
1716345,2308.0
1716635,5386.0
1716935,8737.0
1716981,1716.0
1717494,1757.0
1718268,566.0
1718276,8818.0
1719818,3227.0
1720203,1180.0
1721322,963.0
1722310,4638.0
1722817,3294.0
1722938,958.0
1722999,540.0
1723269,4854.0
1723443,5900.0
1723717,4493.0
1723933,1170.0
1724452,5348.0
1725681,540.0
1725744,478.0
1726433,340.0
1726566,7122.0
1726894,3885.0
1727723,1018.0
1728017,4499.0
1728328,2308.0
1729584,9086.0
1731303,2308.0
1731867,5386.0
1732474,1715.0
1732904,423.0
1733832,5771.0
1737887,4498.0
1738288,890.0
1738644,540.0
1739672,8818.0
1740242,3722.0
1740549,540.0
1741348,1964.0
1741840,2891.0
1742977,5928.0
1743260,4513.0
1744367,7978.0
1744910,2643.0
1746212,1611.0
1746925,4483.0
1747146,3958.0
1747504,581.0
1747835,4397.0
1747880,2813.0
1748053,1978.0
1749702,1539.0
1752037,1539.0
1752514,3958.0
1753402,963.0
1753969,7333.0
1755651,7121.0
1755850,340.0
1756045,651.0
1756620,2485.0
1758061,2308.0
1758731,3722.0
1759331,2308.0
1760712,2308.0
1762831,254.0
1762878,843.0
1766041,1024.0
1766087,1964.0
1767957,254.0
1768090,2025.0
1768246,2308.0
1769413,3043.0
1769499,958.0
1769984,254.0
1770195,1951.0
1770339,1964.0
1770523,1951.0
1770954,1951.0
1771694,3043.0
1773085,4638.0
1773790,254.0
1775016,5018.0
1775203,544.0
1775654,963.0
1778140,3123.0
1778334,254.0
1778819,540.0
1780779,1391.0
1780780,1378.0
1780813,5114.0
1783590,254.0
1784095,3510.0
1785354,1304.0
1785699,2308.0
1785735,3510.0
1787450,6310.0
1788007,3738.0
1788277,2308.0
1788602,822.0
1788729,1910.0
1789941,1964.0
1790406,2308.0
1793151,1818.0
1793437,651.0
1794402,53.0
1794506,2308.0
1795345,1818.0
1796379,2025.0
1797822,254.0
1798506,2308.0
1800566,581.0
1803425,540.0
1809048,462.0
1809304,5420.0
1809478,1024.0
1809601,6491.0
1811245,433.0
1811543,963.0
1811879,2262.0
1812914,1544.0
1814659,5900.0
1814992,340.0
1815703,340.0
1815979,6686.0
1816202,7227.0
1816400,2025.0
1817253,5412.0
1817420,1703.0
1818505,1716.0
1818795,811.0
1819084,1716.0
1819795,254.0
1820360,540.0
1820406,2823.0
1820686,540.0
1820889,811.0
1821491,340.0
1822116,4078.0
1825070,3177.0
1825796,340.0
1825996,8917.0
1827078,1793.0
1828332,140.0
1828760,394.0
1830153,423.0
1830420,1038.0
1831679,9341.0
1831808,3327.0
1832021,9878.0
1832230,433.0
1832915,283.0
1833214,3722.0
1833336,7942.0
1833670,5980.0
1834276,6491.0
1834460,1304.0
1834640,140.0
1836147,4638.0
1837364,1989.0
1838498,2761.0
1839125,254.0
1839780,2761.0
1841185,1910.0
1841444,876.0
1843793,875.0
1844077,5745.0
1844356,7972.0
1844863,5386.0
1845924,340.0
1846217,300.0
1846312,1539.0
1847429,4397.0
1847630,4397.0
1848060,254.0
1848460,557.0
1848968,2587.0
1849881,3427.0
1850019,581.0
1850719,1964.0
1851320,2262.0
1851814,7121.0
1853620,254.0
1854298,1539.0
1855291,1288.0
1855749,305.0
1855850,1288.0
1856966,2163.0
1856989,1015.0
1857277,2885.0
1857376,3100.0
1858538,53.0
1858964,2908.0
1860369,5398.0
1860597,3427.0
1861573,822.0
1861793,2608.0
1862739,3140.0
1862894,2665.0
1865132,1964.0
1866154,6491.0
1866827,1015.0
1866935,4397.0
1867908,2421.0
1869963,96.0
1870002,96.0
1871495,1715.0
1872827,3161.0
1873141,2621.0
1873556,6079.0
1873946,4854.0
1874910,6331.0
1875030,2249.0
1875114,5980.0
1876382,5386.0
1877894,843.0
1878253,5999.0
1878255,643.0
1878679,340.0
1879343,540.0
1879599,10223.0
1880429,843.0
1880468,1707.0
1882724,958.0
1882759,1300.0
1883582,843.0
1884143,5384.0
1888645,3361.0
1890383,5980.0
1890743,843.0
1890844,3958.0
1892637,6310.0
1892840,8208.0
1893731,2211.0
1893900,5980.0
1895168,9890.0
1895730,2885.0
1895952,1959.0
1896330,5071.0
1896545,540.0
1896699,6491.0
1899046,3958.0
1899137,5980.0
1899329,5980.0
1900957,96.0
1903546,1951.0
1903734,1037.0
1904057,5980.0
1904167,3375.0
1905140,890.0
1905770,478.0
1905982,96.0
1906862,4397.0
1907331,5115.0
1907636,4397.0
1909421,2078.0
1912582,5980.0
1913917,4902.0
1914396,540.0
1914753,4590.0
1915005,9710.0
1915763,9710.0
1916670,305.0
1916722,254.0
1919489,3864.0
1920270,8818.0
1920444,4077.0
1921457,3803.0
1921458,963.0
1921843,1051.0
1922025,5980.0
1923381,254.0
1923658,254.0
1925902,4397.0
1926454,5980.0
1926468,7613.0
1928815,994.0
1929152,398.0
1929288,4483.0
1929671,9.0
1931946,5980.0
1935488,6746.0
1936320,2799.0
1936877,540.0
1937068,540.0
1937970,8439.0
1938365,6079.0
1939167,5739.0
1939261,1951.0
1941268,5386.0
1942038,1858.0
1942651,2630.0
1943254,5980.0
1944221,2163.0
1944553,3140.0
1944801,1063.0
1946597,1387.0
1947112,2474.0
1948645,5980.0
1948955,2753.0
1950748,3161.0
1950842,509.0
1951115,424.0
1951276,6079.0
1951959,1303.0
1954342,3722.0
1954813,540.0
1955365,254.0
1956883,1716.0
1957478,976.0
1959746,1539.0
1961442,963.0
1961700,4397.0
1961990,2891.0
1962731,2847.0
1963446,4397.0
1965136,963.0
1965328,540.0
1966149,5739.0
1966481,963.0
1967176,254.0
1967246,843.0
1967982,53.0
1969769,9341.0
1970519,433.0
1971090,540.0
1971500,3661.0
1973025,2823.0
1976424,540.0
1977743,2025.0
1978270,1889.0
1978356,1889.0
1978859,6056.0
1978934,2587.0
1979251,2101.0
1981282,4397.0
1981481,2308.0
1983347,1254.0
1985943,963.0
1986197,254.0
1986755,2823.0
1987136,963.0
1989489,6119.0
1989745,963.0
1992276,5071.0
1992284,3610.0
1992530,1707.0
1992769,3610.0
1997125,1545.0
1998815,6079.0
1999699,53.0
1999717,1539.0
2000200,5189.0
2000205,3380.0
2000220,540.0
2001396,1328.0
2001407,3275.0
2001883,5285.0
2002330,53.0
2002734,3037.0
2003642,3958.0
2005323,254.0
2006728,6788.0
2007159,581.0
2008827,1288.0
2009266,581.0
2009836,1124.0
2011033,254.0
2011164,4477.0
2011892,4567.0
2012602,2753.0
2012768,4477.0
2014046,982.0
2014725,4779.0
2015148,896.0
2015403,433.0
2016506,423.0
2016726,6643.0
2016865,1780.0
2020873,963.0
2021004,1910.0
2021143,6903.0
2021148,8654.0
2022783,1716.0
2022982,4483.0
2024990,5189.0
2025387,822.0
2028186,9465.0
2029443,3722.0
2031485,633.0
2032699,540.0
2032897,540.0
2034278,2885.0
2034505,6643.0
2034675,540.0
2035355,4.0
2036050,540.0
2036883,694.0
2037096,540.0
2037363,6310.0
2037745,2211.0
2039842,694.0
2040300,4499.0
2041141,1910.0
2041793,1964.0
2042558,4078.0
2042858,4707.0
2042989,540.0
2044798,963.0
2044832,1086.0
2045460,540.0
2046775,1140.0
2047445,478.0
2047609,1531.0
2047807,5055.0
2048458,1387.0
2049889,1677.0
2049910,8760.0
2051333,822.0
2053370,7880.0
2054217,254.0
2054275,7760.0
2055594,5412.0
2056744,509.0
2058459,5384.0
2059496,843.0
2061553,800.0
2061645,6914.0
2063458,958.0
2063645,6999.0
2064528,6915.0
2066134,1951.0
2067506,10255.0
2067798,171.0
2069621,6848.0
2070142,5900.0
2070343,2262.0
2072066,1964.0
2072167,1254.0
2078095,8573.0
2080666,6903.0
2080686,540.0
2082772,3937.0
2083183,204.0
2084835,1455.0
2085652,6491.0
2086402,581.0
2086702,4397.0
2087354,6491.0
2088623,1964.0
2089946,1611.0
2090002,5189.0
2090198,5398.0
2090748,963.0
2091534,3594.0
2092261,890.0
2092482,254.0
2092681,254.0
2093850,7644.0
2095313,1180.0
2095891,96.0
2096839,3738.0
2097879,6690.0
2100650,2823.0
2102064,540.0
2102429,1951.0
2102765,6964.0
2104287,29.0
2105278,1951.0
2105379,963.0
2105436,129.0
2106031,8439.0
2106871,494.0
2107929,4639.0
2112279,10317.0
2115012,2955.0
2115585,1715.0
2117181,3096.0
2117946,5285.0
2120749,8208.0
2121475,6964.0
2122567,2444.0
2123709,963.0
2124380,8151.0
2126419,6964.0
2127183,6964.0
2129524,254.0
2129756,4659.0
2129823,4659.0
2130043,2885.0
2130593,5386.0
2131490,254.0
2132368,1545.0
2133421,4457.0
2134012,6487.0
2134129,6487.0
2134486,6487.0
2134899,3067.0
2135124,6964.0
2136295,6964.0
2137830,5386.0
2137924,2885.0
2137930,351.0
2138353,1964.0
2139136,4397.0
2140119,7999.0
2140188,6625.0
2141963,3037.0
2142138,1716.0
2143161,540.0
2144241,6625.0
2144297,6625.0
2145167,1758.0
2145193,542.0
2146517,843.0
2147872,3340.0
2147908,1716.0
2148597,1818.0
2149216,3380.0
2149294,6964.0
2149631,540.0
2151567,2908.0
2151724,6551.0
2152046,254.0
2152514,2875.0
2153150,462.0
2153683,7613.0
2154444,8887.0
2154873,254.0
2155905,651.0
2156284,3020.0
2156289,651.0
2157407,2587.0
2157594,3347.0
2157794,4492.0
2158260,1964.0
2158514,2025.0
2159169,4397.0
2159480,1951.0
2160890,1716.0
2162299,540.0
2163217,6141.0
2166165,1793.0
2166336,1964.0
2166914,7536.0
2167414,4397.0
2170579,2847.0
2170588,2847.0
2171529,581.0
2171548,643.0
2171965,4326.0
2172453,2885.0
2175771,581.0
2176179,2861.0
2176565,2101.0
2177526,1170.0
2178472,1254.0
2178930,1539.0
2180241,4349.0
2180452,540.0
2180704,254.0
2180765,249.0
2181348,3140.0
2181875,6999.0
2181937,4397.0
2182261,540.0
2182386,581.0
2182962,540.0
2183916,6079.0
2185695,8818.0
2186717,1924.0
2187471,5551.0
2188973,1715.0
2189241,1951.0
2190184,540.0
2191056,1793.0
2191513,254.0
2191848,4492.0
2193045,791.0
2193232,791.0
2193876,4358.0
2194739,10520.0
2198355,982.0
2199202,254.0
2199863,1170.0
2200185,540.0
2200503,4027.0
2202312,254.0
2202571,1964.0
2203228,5022.0
2203925,424.0
2206687,2922.0
2206716,593.0
2207295,822.0
2207443,1736.0
2208074,631.0
2208872,191.0
2209410,4638.0
2209767,3123.0
2210315,254.0
2210665,53.0
2212076,6643.0
2213057,5773.0
2213962,6119.0
2214466,896.0
2215898,2262.0
2216056,3227.0
2216100,559.0
2216145,3227.0
2217197,1028.0
2221953,2025.0
2223950,8818.0
2224194,907.0
2224275,254.0
2224360,1703.0
2225350,245.0
2227080,3594.0
2227274,2885.0
2227424,3792.0
2227883,3838.0
2228048,2885.0
2228060,254.0
2228194,1170.0
2229646,2885.0
2229775,623.0
2231270,3236.0
2232447,843.0
2234940,4272.0
2236268,2722.0
2237598,4272.0
2237617,2760.0
2238206,3387.0
2238508,7536.0
2239684,3427.0
2239706,3329.0
2240298,791.0
2241530,2949.0
2242628,3125.0
2242809,843.0
2242916,643.0
2243936,2885.0
2244059,540.0
2246434,169.0
2247708,1018.0
2248266,4492.0
2250353,4902.0
2251590,478.0
2251987,1180.0
2252844,4216.0
2253787,2019.0
2254175,890.0
2254698,4483.0
2255783,1387.0
2256147,7817.0
2256356,1964.0
2256960,1180.0
2257307,2786.0
2258273,1716.0
2260296,1705.0
2260953,6999.0
2261144,694.0
2261715,4638.0
2262362,4499.0
2262741,1254.0
2262777,6962.0
2263792,1162.0
2264223,5901.0
2264517,5901.0
2264858,6491.0
2265612,450.0
2265984,1716.0
2268665,340.0
2270547,3986.0
2270757,3067.0
2273003,1539.0
2273791,651.0
2274686,1951.0
2275826,661.0
2276739,843.0
2279039,1951.0
2279640,8431.0
2280020,8746.0
2280109,5900.0
2281188,3361.0
2281631,5771.0
2281764,6962.0
2281909,843.0
2284060,1964.0
2286380,4326.0
2286797,1910.0
2287599,540.0
2288125,5900.0
2288545,1544.0
2289212,1951.0
2290282,254.0
2291140,581.0
2291155,2847.0
2292737,963.0
2296233,843.0
2296530,3327.0
2296847,540.0
2297114,4499.0
2298800,5149.0
2304790,982.0
2305220,1951.0
2305236,53.0
2307095,2025.0
2307220,5018.0
2307654,1525.0
2307670,4263.0
2307831,1964.0
2310255,4397.0
2311264,180.0
2312561,4499.0
2312639,8760.0
2313097,254.0
2313590,2262.0
2314675,958.0
2315247,843.0
2316524,3838.0
2318367,2325.0
2318386,3318.0
2319848,5124.0
2320669,394.0
2320928,300.0
2322678,462.0
2324672,4854.0
2324827,843.0
2325026,843.0
2326022,6999.0
2326055,5124.0
2326406,3135.0
2326552,6395.0
2326725,843.0
2328473,4735.0
2328709,5020.0
2328858,5020.0
2330512,262.0
2331595,4397.0
2331806,1716.0
2331847,4854.0
2332102,1716.0
2332420,1037.0
2334890,2885.0
2335435,7121.0
2335548,423.0
2335798,6643.0
2335971,843.0
2337526,1715.0
2338188,2009.0
2338321,1715.0
2339635,9005.0
2340298,843.0
2342295,1795.0
2342850,3096.0
2343053,3161.0
2343598,3838.0
2344425,4650.0
2344823,843.0
2345552,2386.0
2346906,540.0
2347532,6643.0
2349133,958.0
2349496,423.0
2350682,8818.0
2351308,254.0
2353444,843.0
2354775,4628.0
2354929,5066.0
2355119,799.0
2357453,8818.0
2357731,1964.0
2357733,3838.0
2359149,2885.0
2359368,53.0
2359658,129.0
2361540,5018.0
2361856,905.0
2361967,822.0
2362748,3722.0
2363699,3236.0
2364037,6903.0
2366536,2308.0
2366762,3879.0
2367041,540.0
2367284,1539.0
2367660,4492.0
2369110,8208.0
2369693,53.0
2370661,581.0
2372623,1795.0
2374388,2823.0
2376234,843.0
2380555,6079.0
2381269,5018.0
2382648,8818.0
2384087,2678.0
2384183,5018.0
2385858,1472.0
2386517,1964.0
2386798,1964.0
2387052,2351.0
2387379,4558.0
2389010,1910.0
2389340,2955.0
2389351,299.0
2390156,1795.0
2391052,6331.0
2391419,2823.0
2392130,540.0
2393530,4397.0
2394027,180.0
2394330,5018.0
2394902,5018.0
2395805,1223.0
2396238,963.0
2397512,2823.0
2398356,958.0
2398475,694.0
2399029,786.0
2399371,786.0
2400142,4013.0
2400816,6788.0
2401382,4027.0
2401515,4027.0
2402802,4492.0
2403066,2753.0
2403444,1964.0
2404349,254.0
2405698,1170.0
2406326,2565.0
2407661,2565.0
2407835,5900.0
2408918,354.0
2409824,2955.0
2410549,4492.0
2411009,961.0
2411162,5115.0
2411173,1472.0
2411837,1018.0
2412069,1964.0
2412182,3935.0
2412694,1539.0
2414361,1910.0
2414650,3958.0
2415423,2101.0
2416347,1018.0
2416394,1455.0
2416781,462.0
2417626,4638.0
2418636,3935.0
2419334,4477.0
2420062,1964.0
2421370,9892.0
2423355,7862.0
2425813,4854.0
2425899,423.0
2425938,4638.0
2426139,4854.0
2427050,1951.0
2427313,2921.0
2428357,3958.0
2428415,1964.0
2428458,3958.0
2429263,1018.0
2429645,3958.0
2429908,9072.0
2429956,581.0
2430620,890.0
2431793,1715.0
2431955,2471.0
2432513,249.0
2432976,423.0
2433316,540.0
2433584,540.0
2433597,254.0
2433655,254.0
2434947,1086.0
2435092,1086.0
2435101,6643.0
2435111,1964.0
2435800,3375.0
2435982,581.0
2436304,2714.0
2436528,2714.0
2438526,811.0
2440225,4712.0
2441849,811.0
2442597,581.0
2442677,254.0
2443166,254.0
2443205,1964.0
2443356,4564.0
2443635,1964.0
2444321,3954.0
2444676,3361.0
2444972,6310.0
2445704,2885.0
2446486,822.0
2447197,53.0
2447518,1964.0
2448613,1545.0
2450465,6848.0
2451297,1964.0
2451743,5189.0
2452096,540.0
2452197,5804.0
2452551,1818.0
2452570,4397.0
2452706,87.0
2453737,2211.0
2453779,167.0
2453995,3722.0
2454032,2847.0
2455065,423.0
2455607,843.0
2457388,7739.0
2458418,5980.0
2460878,963.0
2460993,822.0
2461105,8084.0
2462118,8084.0
2462293,3476.0
2462607,1818.0
2462797,540.0
2463717,1497.0
2464965,843.0
2465012,1539.0
2467185,2474.0
2467451,4194.0
2468996,2142.0
2470195,3294.0
2470251,9465.0
2470313,3294.0
2472515,2922.0
2472828,5773.0
2473377,651.0
2475345,2009.0
2476545,1170.0
2478374,6208.0
2479137,540.0
2479356,1964.0
2479732,254.0
2480096,3470.0
2480815,2767.0
2483680,1964.0
2484863,1964.0
2485109,1964.0
2485347,1964.0
2485686,7342.0
2485945,249.0
2487052,1715.0
2487199,702.0
2488630,3969.0
2488880,2847.0
2489738,540.0
2491675,822.0
2492385,5071.0
2493418,1180.0
2493912,2262.0
2496482,7486.0
2497077,304.0
2498265,1964.0
2499268,1910.0
2500108,4748.0
2501021,4003.0
2502270,1421.0
2502330,5018.0
2505252,7121.0
2506446,2885.0
2508157,340.0
2508599,3177.0
2510476,469.0
2511468,1736.0
2512626,7.0
2513955,3166.0
2514002,3318.0
2514027,1525.0
2514272,1964.0
2514598,1964.0
2516782,6264.0
2517074,6643.0
2518711,5093.0
2520127,249.0
2521069,1425.0
2521074,6962.0
2521278,6962.0
2521476,2564.0
2521679,6962.0
2521958,6962.0
2522941,1964.0
2523889,283.0
2524001,2211.0
2524695,4138.0
2525617,183.0
2526120,5474.0
2526599,2885.0
2526664,1611.0
2528465,2885.0
2528498,6079.0
2528748,540.0
2529003,643.0
2529331,623.0
2529920,1677.0
2530877,3123.0
2533057,1288.0
2533250,4447.0
2534670,7817.0
2535322,1018.0
2535592,2211.0
2535715,3722.0
2537440,3835.0
2537946,963.0
2538141,581.0
2538346,1539.0
2539005,1051.0
2539697,5130.0
2539726,2587.0
2539772,8818.0
2542557,2847.0
2543448,300.0
2544509,6903.0
2544805,4499.0
2544838,4029.0
2545704,3497.0
2545892,241.0
2546044,241.0
2546429,2847.0
2547419,2211.0
2547659,2386.0
2550129,1455.0
2550629,4564.0
2550839,1261.0
2551055,2025.0
2551188,3251.0
2551814,5900.0
2552640,661.0
2553572,3037.0
2554028,1539.0
2554048,712.0
2555477,712.0
2556259,2832.0
2556443,2832.0
2557521,254.0
2557747,5420.0
2559589,961.0
2560950,7121.0
2561588,96.0
2561636,1703.0
2562054,423.0
2563030,651.0
2563041,2885.0
2564418,976.0
2564727,3251.0
2564928,2211.0
2565448,963.0
2565726,6119.0
2565738,2211.0
2566158,183.0
2567842,5716.0
2569594,6703.0
2569878,1525.0
2570208,254.0
2574194,87.0
2574228,2101.0
2574568,254.0
2575519,6964.0
2576076,7121.0
2576998,5386.0
2578269,3161.0
2578344,7052.0
2580917,3798.0
2580918,5557.0
2581273,2163.0
2581983,1350.0
2582469,651.0
2582595,4102.0
2584774,1716.0
2585003,2694.0
2585430,3429.0
2585759,1223.0
2587232,1015.0
2587567,2252.0
2588473,3722.0
2588533,3236.0
2590261,53.0
2591114,167.0
2592098,7540.0
2592228,1545.0
2592789,543.0
2593818,1889.0
2593987,1889.0
2596296,53.0
2596950,540.0
2597461,643.0
2598090,1024.0
2598156,843.0
2598387,1910.0
2600634,4854.0
2600836,1018.0
2601168,441.0
2601856,7748.0
2601919,2211.0
2602698,1195.0
2602796,3177.0
2603017,540.0
2603252,2211.0
2605226,4499.0
2605624,2885.0
2605780,3497.0
2605995,843.0
2606476,478.0
2606535,1964.0
2606756,2220.0
2608236,2163.0
2609743,5868.0
2610387,5868.0
2610675,1291.0
2611139,2211.0
2611355,2211.0
2612052,2211.0
2612151,2262.0
2612512,1309.0
2612868,4499.0
2614246,783.0
2614434,6079.0
2615921,633.0
2616736,6079.0
2617608,254.0
2617976,254.0
2619008,1525.0
2619880,394.0
2620770,300.0
2623702,254.0
2623734,6079.0
2625771,1069.0
2626337,6079.0
2627256,581.0
2628328,1525.0
2628727,5739.0
2628867,2211.0
2629232,6962.0
2630476,1539.0
2631966,5322.0
2632525,4483.0
2633122,1162.0
2633169,178.0
2634479,254.0
2635661,3722.0
2638033,963.0
2640456,3879.0
2640503,5483.0
2641991,2961.0
2642278,976.0
2642757,5689.0
2643111,643.0
2644222,976.0
2644778,1037.0
2645457,2211.0
2646115,2847.0
2647690,1715.0
2652343,4638.0
2652778,9458.0
2653454,5900.0
2653646,2386.0
2655046,1910.0
2657944,1715.0
2658762,3838.0
2660831,544.0
2662595,2421.0
2663625,5374.0
2664690,2885.0
2665376,96.0
2665518,254.0
2665610,694.0
2666079,254.0
2666083,254.0
2667065,2142.0
2668208,2885.0
2668647,53.0
2674101,8454.0
2677690,2847.0
2679811,1054.0
2680306,540.0
2681835,4447.0
2681915,3275.0
2682084,10073.0
2682121,2009.0
2683868,1024.0
2685511,4492.0
2685523,1677.0
2685839,6746.0
2687241,53.0
2689637,171.0
2689724,2324.0
2689788,4979.0
2691008,6915.0
2691175,5542.0
2691570,7760.0
2691586,6915.0
2691864,2922.0
2691986,76.0
2693016,1951.0
2693596,661.0
2693611,643.0
2693642,5542.0
2695970,476.0
2696232,1539.0
2696569,1180.0
2697336,581.0
2698539,2885.0
2700817,6669.0
2700890,3497.0
2701219,1951.0
2702463,1525.0
2703407,1525.0
2704395,254.0
2706825,3738.0
2707273,3123.0
2707865,581.0
2708036,1858.0
2708040,6079.0
2708481,540.0
2709463,1736.0
2709539,254.0
2711566,2694.0
2712441,1000.0
2712870,254.0
2712950,540.0
2712957,254.0
2713456,1964.0
2714617,3227.0
2715012,2847.0
2716179,2753.0
2716344,645.0
2716542,2722.0
2719257,1525.0
2720681,1964.0
2723616,5189.0
2723880,433.0
2725594,4638.0
2726516,4854.0
2727141,1525.0
2728302,114.0
2728431,340.0
2729366,4397.0
2730683,7052.0
2731028,87.0
2731094,2885.0
2732446,986.0
2734103,3447.0
2734555,2847.0
2734766,2885.0
2734882,2885.0
2735029,2075.0
2735525,7571.0
2736282,3318.0
2737362,2025.0
2738342,1525.0
2740311,1525.0
2742442,1964.0
2742653,4492.0
2745409,3092.0
2746706,3334.0
2746796,994.0
2747020,140.0
2748710,963.0
2750341,5363.0
2750378,1611.0
2750699,1525.0
2751634,2025.0
2752277,1195.0
2752777,1539.0
2753010,822.0
2753453,704.0
2754040,2163.0
2754421,1858.0
2755012,1715.0
2755053,476.0
2755515,5739.0
2757700,1051.0
2758182,6079.0
2758396,544.0
2759999,1264.0
2760103,477.0
2760529,6971.0
2760530,6962.0
2760594,1889.0
2761409,1525.0
2761703,1051.0
2761783,478.0
2761951,1037.0
2762848,7322.0
2763913,1525.0
2764376,167.0
2764481,1910.0
2765895,96.0
2766405,1525.0
2766732,958.0
2767135,2885.0
2769601,581.0
2769626,2813.0
2770157,1525.0
2770410,1525.0
2771725,3747.0
2771775,3067.0
2772020,1545.0
2772517,1712.0
2772964,2398.0
2773790,1889.0
2775361,6989.0
2775654,1525.0
2775679,340.0
2776009,2885.0
2776780,5018.0
2777800,340.0
2779755,167.0
2780602,96.0
2780726,958.0
2781358,1707.0
2781451,96.0
2781565,4628.0
2782205,2798.0
2783529,398.0
2783793,4499.0
2784328,540.0
2785237,8075.0
2785573,540.0
2786903,1910.0
2787021,958.0
2787513,8818.0
2787572,4499.0
2788046,1455.0
2788064,254.0
2788939,6079.0
2790862,8439.0
2791207,3135.0
2793042,540.0
2794698,559.0
2794943,1758.0
2795365,2753.0
2795470,1525.0
2796347,1525.0
2796758,5386.0
2797537,791.0
2798877,1951.0
2801215,2163.0
2803135,643.0
2803973,254.0
2805509,1910.0
2806326,890.0
2806748,3123.0
2809512,4013.0
2811794,1964.0
2813447,989.0
2815101,3227.0
2815631,1910.0
2817036,254.0
2817322,2101.0
2817385,3497.0
2818704,2101.0
2819555,958.0
2820721,843.0
2821171,4003.0
2821446,3497.0
2821942,661.0
2822086,340.0
2822262,3581.0
2822457,7739.0
2823668,1425.0
2826032,254.0
2826089,1180.0
2827768,540.0
2827818,2025.0
2828217,976.0
2828521,1677.0
2828720,1160.0
2830864,540.0
2831411,994.0
2831642,1858.0
2831930,1124.0
2832849,1124.0
2832857,2163.0
2833745,254.0
2833766,254.0
2834289,7661.0
2836279,8784.0
2836290,8784.0
2838773,540.0
2841099,822.0
2842295,3427.0
2842357,8106.0
2844008,8106.0
2844306,1964.0
2844677,8503.0
2846126,6446.0
2847900,6079.0
2848154,3334.0
2850324,8728.0
2850325,540.0
2850764,843.0
2851194,2885.0
2851998,5348.0
2853232,7315.0
2853376,5474.0
2853686,1525.0
2856607,3427.0
2856623,1539.0
2857314,1051.0
2858844,5420.0
2860158,3738.0
2861246,6234.0
2861486,4087.0
2863003,3227.0
2863375,2211.0
2863474,540.0
2863686,1421.0
2864129,6331.0
2866606,540.0
2868148,540.0
2870398,5651.0
2871029,540.0
2871215,2211.0
2871750,2621.0
2872532,5384.0
2876005,53.0
2876380,2025.0
2877132,6788.0
2878042,540.0
2878377,843.0
2878475,540.0
2878933,4397.0
2879458,398.0
2880604,478.0
2880898,1539.0
2881124,1539.0
2881399,6684.0
2882911,2142.0
2882995,1139.0
2883148,1716.0
2884391,254.0
2886176,6331.0
2886591,6962.0
2887072,7644.0
2887420,1951.0
2887473,3958.0
2888422,6446.0
2888583,2847.0
2888736,4397.0
2890361,6915.0
2890542,4229.0
2890738,53.0
2892304,254.0
2894158,1180.0
2895802,254.0
2896894,6962.0
2898112,53.0
2899784,181.0
2900425,3092.0
2900944,6310.0
2901272,2684.0
2903892,394.0
2903951,245.0
2905687,1611.0
2906030,2885.0
2906482,651.0
2908182,249.0
2909466,3347.0
2910369,3275.0
2911572,1038.0
2912250,1910.0
2912342,2908.0
2912527,2207.0
2913494,3803.0
2913661,3251.0
2914270,4854.0
2914791,433.0
2916705,2908.0
2916781,254.0
2917264,254.0
2917506,540.0
2920031,4639.0
2921053,2922.0
2921242,1858.0
2921712,2732.0
2922524,2885.0
2923327,2885.0
2925262,53.0
2928288,963.0
2928615,478.0
2929952,963.0
2930175,5358.0
2930500,7978.0
2930949,963.0
2931446,2823.0
2932755,340.0
2933830,1498.0
2934044,254.0
2934075,651.0
2934506,249.0
2934845,340.0
2935578,6900.0
2935641,1964.0
2936746,1910.0
2937299,5384.0
2938121,5384.0
2939143,2474.0
2939886,1761.0
2940543,53.0
2941268,4397.0
2941313,2783.0
2943772,540.0
2945013,3318.0
2946544,7121.0
2946887,843.0
2947507,6915.0
2947616,661.0
2947666,5900.0
2947730,6915.0
2948684,1951.0
2949523,7121.0
2949894,2142.0
2950378,1018.0
2950475,3476.0
2951034,433.0
2951120,5386.0
2951421,976.0
2952604,694.0
2954666,6152.0
2955039,300.0
2955256,300.0
2955964,5386.0
2957349,222.0
2960182,254.0
2960302,509.0
2960319,3275.0
2960339,300.0
2960412,540.0
2961030,4854.0
2961718,8508.0
2962532,1086.0
2963496,1078.0
2963640,4499.0
2965523,4628.0
2966320,3380.0
2967192,53.0
2967613,2885.0
2967876,53.0
2968865,2949.0
2970194,1000.0
2970892,2847.0
2971218,8705.0
2974548,5384.0
2974730,1539.0
2975709,4397.0
2975888,262.0
2976082,4748.0
2976882,300.0
2977345,2308.0
2977347,300.0
2980131,1252.0
2981177,7121.0
2981205,4397.0
2982974,2025.0
2983167,254.0
2984642,2885.0
2984964,4397.0
2985190,545.0
2985236,300.0
2985412,1964.0
2987957,5994.0
2989276,822.0
2989410,300.0
2989613,822.0
2991229,433.0
2991415,5055.0
2991636,2025.0
2995868,1910.0
2998237,300.0
2999585,3427.0
3001881,380.0
3001982,843.0
3002511,1288.0
3002686,300.0
3006315,2973.0
3006853,6874.0
3007450,540.0
3007748,3345.0
3007821,3345.0
3008096,300.0
3008456,5386.0
3008957,1818.0
3009414,581.0
3010065,1951.0
3010690,5760.0
3011471,53.0
3012365,843.0
3013663,6235.0
3014730,300.0
3014870,4397.0
3016013,581.0
3016584,6900.0
3018362,300.0
3019121,2885.0
3019389,1387.0
3021759,1180.0
3021788,254.0
3021810,1099.0
3022584,4499.0
3022976,4499.0
3023496,791.0
3024339,963.0
3024736,2922.0
3026221,300.0
3026344,982.0
3026672,6900.0
3027915,4397.0
3029630,2922.0
3029870,540.0
3031852,553.0
3032738,540.0
3033527,3123.0
3034046,1544.0
3034336,169.0
3035086,2337.0
3035748,1497.0
3036262,6962.0
3036384,3722.0
3036419,1387.0
3036558,2835.0
3037082,7978.0
3037132,4638.0
3039155,1539.0
3039642,791.0
3040246,102.0
3041223,2747.0
3042708,791.0
3043112,4854.0
3043133,581.0
3043357,423.0
3044084,1716.0
3044140,6903.0
3044434,896.0
3044955,540.0
3046403,2386.0
3048145,423.0
3048219,340.0
3049053,6962.0
3052268,39.0
3052399,529.0
3052853,3497.0
3055034,2570.0
3055636,896.0
3055663,3318.0
3056872,254.0
3058847,963.0
3059071,540.0
3060156,2184.0
3061005,3838.0
3061086,5068.0
3062506,254.0
3062794,1498.0
3063785,4483.0
3064110,1498.0
3064217,254.0
3064615,5386.0
3065605,1964.0
3066150,254.0
3066762,423.0
3068155,4483.0
3068935,433.0
3069837,423.0
3070037,6297.0
3070656,3275.0
3071469,6297.0
3072504,1716.0
3073998,7942.0
3076145,906.0
3077821,2961.0
3078493,1736.0
3079003,1736.0
3079216,433.0
3079618,3227.0
3080047,2922.0
3081480,601.0
3082573,8439.0
3082795,3958.0
3083255,5386.0
3085778,5739.0
3087171,958.0
3087192,2516.0
3087544,3375.0
3087919,4541.0
3088281,8760.0
3088303,9207.0
3090616,876.0
3091208,4499.0
3093230,183.0
3094358,5994.0
3094683,2211.0
3095677,1143.0
3097258,540.0
3098412,3375.0
3098531,963.0
3099982,540.0
3100918,540.0
3102690,3375.0
3103699,2025.0
3103897,1715.0
3105220,5384.0
3105848,6079.0
3108906,5386.0
3109537,5832.0
3111616,8760.0
3111809,1180.0
3112040,3438.0
3112100,2885.0
3112541,2101.0
3112613,1007.0
3112848,5386.0
3113282,4216.0
3113940,6643.0
3113951,581.0
3114769,581.0
3114784,4628.0
3114888,2634.0
3115029,4628.0
3115812,1264.0
3115911,540.0
3115994,169.0
3116350,1387.0
3118596,4078.0
3118634,3375.0
3119262,976.0
3119353,4397.0
3120094,1521.0
3121343,4077.0
3122589,4758.0
3122735,2013.0
3122776,3540.0
3123455,1180.0
3124617,1018.0
3125364,5322.0
3126246,1545.0
3128007,3275.0
3129137,1160.0
3129719,6079.0
3130191,6491.0
3130556,6136.0
3130640,2211.0
3131849,963.0
3133333,8714.0
3133534,1964.0
3134691,5928.0
3134839,7122.0
3134917,3037.0
3136304,2885.0
3137765,2211.0
3138166,822.0
3138905,6548.0
3139483,890.0
3140651,1063.0
3141094,81.0
3141126,1910.0
3141374,494.0
3141398,2955.0
3141464,254.0
3142901,963.0
3143315,1539.0
3144017,1387.0
3144032,254.0
3146105,10223.0
3146464,557.0
3146956,6491.0
3147425,254.0
3148925,3334.0
3149043,2891.0
3149254,7122.0
3149399,2847.0
3150598,7122.0
3151245,1497.0
3151336,559.0
3151428,3211.0
3152066,3958.0
3152535,5398.0
3152629,1497.0
3153507,3211.0
3153994,7244.0
3154485,254.0
3154998,254.0
3156339,53.0
3156404,7122.0
3156518,540.0
3158795,2211.0
3158810,7122.0
3159014,7122.0
3159839,6962.0
3160018,2514.0
3160908,433.0
3160914,254.0
3161829,2783.0
3162604,2009.0
3162922,254.0
3163644,2783.0
3164710,3738.0
3164882,1180.0
3164997,2207.0
3166014,6559.0
3166339,433.0
3166664,958.0
3168859,1964.0
3169753,2823.0
3170272,2163.0
3170911,6920.0
3171172,4216.0
3171771,6788.0
3172152,7333.0
3173307,1007.0
3174623,7122.0
3175198,3879.0
3176302,1539.0
3177372,4499.0
3178489,540.0
3178522,476.0
3179202,2922.0
3179203,254.0
3180306,1085.0
3181633,1716.0
3182725,4229.0
3183727,12.0
3183825,2885.0
3184012,4477.0
3184089,540.0
3187232,540.0
3188288,631.0
3188532,2703.0
3190240,540.0
3192020,540.0
3192746,254.0
3195036,6079.0
3195475,581.0
3196482,5149.0
3197119,424.0
3199438,5189.0
3201082,581.0
3201833,2885.0
3201864,1964.0
3202068,3177.0
3203328,1964.0
3203797,6707.0
3203828,1180.0
3204199,3177.0
3204315,254.0
3206012,3177.0
3206847,1189.0
3208388,2025.0
3208704,7644.0
3209078,982.0
3210543,51.0
3210609,51.0
3210654,540.0
3211260,254.0
3212344,3177.0
3215060,9636.0
3215417,3037.0
3216827,4639.0
3219882,5557.0
3220681,4511.0
3222254,2885.0
3222715,963.0
3222824,6437.0
3226090,2753.0
3227702,3451.0
3228159,2142.0
3228894,2019.0
3228913,4077.0
3229667,3451.0
3229898,8106.0
3231883,963.0
3232302,4077.0
3232470,887.0
3232918,887.0
3233739,2101.0
3234795,2885.0
3235110,1716.0
3235363,391.0
3237791,1539.0
3238298,2885.0
3238343,4397.0
3238702,7613.0
3239951,3177.0
3243522,6310.0
3244159,9556.0
3244266,963.0
3245076,4397.0
3245106,2301.0
3247465,10020.0
3248529,5994.0
3250186,3177.0
3250325,245.0
3254221,3497.0
3255030,254.0
3255242,843.0
3255524,1216.0
3256162,7121.0
3256257,1910.0
3256552,7121.0
3256631,7121.0
3256743,1910.0
3256946,4397.0
3257298,3161.0
3258444,4748.0
3258548,3177.0
3259329,8818.0
3259573,1716.0
3263245,1951.0
3263374,5130.0
3265543,963.0
3266517,3177.0
3266869,2031.0
3267168,4686.0
3267405,245.0
3268118,6643.0
3269492,4707.0
3270740,6091.0
3272308,6091.0
3272721,4854.0
3272761,254.0
3274318,254.0
3275699,254.0
3276237,6491.0
3277428,6079.0
3277545,540.0
3278215,6962.0
3278885,1573.0
3279200,1573.0
3279539,5386.0
3282255,540.0
3282761,1387.0
3283278,4483.0
3283525,1472.0
3283881,3669.0
3284751,3177.0
3285101,2922.0
3285303,1539.0
3285332,4483.0
3285916,2922.0
3289145,254.0
3289272,478.0
3292721,2122.0
3292791,1539.0
3293489,822.0
3293937,4397.0
3295728,1910.0
3296281,3497.0
3297119,4492.0
3300343,3123.0
3300458,340.0
3300502,3177.0
3303104,1170.0
3303149,4854.0
3305427,254.0
3308920,4143.0
3311971,1539.0
3312087,2932.0
3312994,419.0
3313058,1539.0
3313261,2025.0
3313609,2025.0
3313810,643.0
3314371,2885.0
3314485,7536.0
3315236,146.0
3316487,6707.0
3317388,1014.0
3318291,7739.0
3318890,1328.0
3320255,340.0
3323251,6235.0
3323830,1611.0
3324052,8431.0
3324528,6235.0
3326712,2142.0
3329007,4404.0
3329903,581.0
3330790,6962.0
3333698,3161.0
3334188,4397.0
3336453,625.0
3337366,890.0
3339401,5022.0
3341618,5398.0
3341653,8431.0
3343336,4638.0
3345053,7739.0
3347769,10020.0
3348018,2753.0
3348486,6331.0
3350186,3581.0
3350594,2556.0
3350870,976.0
3352480,509.0
3352577,4854.0
3353033,4854.0
3353117,2025.0
3354080,1539.0
3355032,1539.0
3355482,1964.0
3356338,5773.0
3356665,8431.0
3357389,9000.0
3359254,146.0
3360788,340.0
3361371,843.0
3362187,1018.0
3362628,651.0
3365132,643.0
3365643,1780.0
3365684,641.0
3367418,3722.0
3367829,694.0
3370367,4499.0
3370723,896.0
3370964,890.0
3374488,6900.0
3377715,7760.0
3377964,2173.0
3378224,1611.0
3380354,254.0
3380395,254.0
3381384,7790.0
3383403,249.0
3383616,254.0
3385558,1539.0
3385639,8431.0
3385739,1539.0
3386217,3125.0
3386483,254.0
3386701,1180.0
3387669,4499.0
3388271,254.0
3389287,976.0
3389913,559.0
3390155,4638.0
3391758,5386.0
3392006,254.0
3392110,4638.0
3392298,4671.0
3392923,1545.0
3393748,1542.0
3393938,7880.0
3397066,254.0
3397551,2961.0
3397559,4397.0
3399000,4499.0
3399811,3969.0
3400550,4247.0
3400706,7121.0
3401441,5868.0
3403164,1951.0
3403289,1497.0
3405991,4102.0
3406011,8124.0
3406101,8124.0
3406350,3497.0
3407659,6119.0
3411262,4638.0
3414315,1051.0
3414531,9341.0
3417033,4638.0
3417241,550.0
3417318,2386.0
3417466,540.0
3419659,9458.0
3421658,3067.0
3423973,2716.0
3424592,4638.0
3424721,6989.0
3424724,2961.0
3427950,540.0
3428483,3043.0
3429465,10255.0
3429505,1986.0
3432260,3738.0
3433444,2163.0
3433465,254.0
3434861,4499.0
3435292,4499.0
3439116,2211.0
3440831,3958.0
3440840,6915.0
3441507,5868.0
3441697,1746.0
3442977,3738.0
3443575,6915.0
3449513,4397.0
3450018,958.0
3450657,171.0
3451104,2308.0
3455376,1162.0
3455962,1173.0
3456615,254.0
3458254,2025.0
3459171,1875.0
3459291,958.0
3459833,8439.0
3461272,96.0
3464142,8424.0
3464377,5773.0
3464497,958.0
3464502,982.0
3465662,1018.0
3467260,1888.0
3467625,1888.0
3467629,2248.0
3468248,958.0
3469095,958.0
3469309,963.0
3469875,32.0
3470314,581.0
3470615,4790.0
3472266,2474.0
3472722,2474.0
3472781,3722.0
3473570,958.0
3473713,7978.0
3475817,6491.0
3475950,5542.0
3476391,2961.0
3476401,4638.0
3476525,423.0
3477493,254.0
3477932,2823.0
3478835,958.0
3479178,1497.0
3481237,2844.0
3481614,958.0
3482083,1037.0
3482469,6279.0
3484042,958.0
3485275,540.0
3485933,3037.0
3487854,5771.0
3488209,3639.0
3489324,2101.0
3490988,6079.0
3491836,376.0
3494260,2322.0
3496048,540.0
3496098,843.0
3497081,7121.0
3498137,958.0
3499204,254.0
3500541,540.0
3501025,5189.0
3501046,994.0
3501555,1180.0
3502156,2122.0
3502185,958.0
3502204,1180.0
3503149,1712.0
3503273,2885.0
3503372,2885.0
3503706,3497.0
3504551,1716.0
3506185,1818.0
3506218,3123.0
3506227,2704.0
3506441,3958.0
3506626,4499.0
3506629,3375.0
3506759,3958.0
3508021,5850.0
3508286,473.0
3508315,3227.0
3508715,473.0
3508997,2292.0
3509075,1964.0
3510097,958.0
3510891,958.0
3511081,249.0
3513044,1964.0
3514413,6079.0
3515319,6962.0
3515695,6407.0
3515834,433.0
3516122,2101.0
3516987,9368.0
3518110,1545.0
3518204,958.0
3518906,5474.0
3520312,254.0
3521910,4748.0
3522111,4748.0
3522866,958.0
3523026,7739.0
3525191,4598.0
3525384,3476.0
3526097,651.0
3526551,1582.0
3527496,5189.0
3529619,4856.0
3530698,2847.0
3531288,4499.0
3531627,3427.0
3531656,3427.0
3531873,976.0
3532940,4078.0
3534416,540.0
3535760,963.0
3536096,544.0
3536634,1964.0
3537982,3497.0
3538288,4499.0
3538389,544.0
3543401,1421.0
3544410,254.0
3545547,7617.0
3549258,581.0
3549391,958.0
3550337,958.0
3551603,4541.0
3552005,9005.0
3554090,1252.0
3554233,1539.0
3555200,2025.0
3556452,6079.0
3557674,5166.0
3559566,1018.0
3560640,1951.0
3560667,976.0
3561113,958.0
3561424,1018.0
3561515,1015.0
3562655,1964.0
3562777,1715.0
3564067,254.0
3566213,2373.0
3566571,2650.0
3567047,1174.0
3569295,958.0
3569882,5557.0
3570339,2142.0
3570587,6526.0
3570710,6526.0
3570926,5557.0
3572911,958.0
3574300,822.0
3574485,7868.0
3574691,53.0
3577142,3879.0
3577506,1545.0
3578079,254.0
3579126,4003.0
3579265,340.0
3579990,423.0
3581176,1951.0
3581482,3581.0
3581818,8747.0
3584351,3969.0
3585417,540.0
3585487,2823.0
3586700,540.0
3587614,8124.0
3588509,96.0
3589933,982.0
3591741,540.0
3592272,4077.0
3592643,6310.0
3592703,6310.0
3592896,3753.0
3593496,5076.0
3594265,540.0
3595488,3753.0
3597324,2163.0
3597890,4507.0
3598614,10223.0
3598701,2634.0
3599710,4483.0
3600027,1910.0
3600245,1964.0
3600842,5716.0
3601439,3879.0
3603478,6331.0
3603481,1304.0
3605311,822.0
3605601,1264.0
3606391,958.0
3607499,8422.0
3609067,540.0
3609226,1288.0
3609823,1027.0
3610933,3429.0
3611407,2556.0
3611484,4499.0
3612584,3429.0
3613201,540.0
3613295,2922.0
3613592,254.0
3613719,1715.0
3614182,1525.0
3616665,4397.0
3618024,4397.0
3618119,254.0
3619070,1015.0
3619419,540.0
3619543,1055.0
3619982,1910.0
3620648,3639.0
3622762,2492.0
3623665,6331.0
3624435,2492.0
3627855,1545.0
3628102,1545.0
3628677,3497.0
3628825,963.0
3629689,96.0
3629884,3935.0
3629931,6491.0
3631981,254.0
3633534,2665.0
3634092,254.0
3635882,4397.0
3636791,1951.0
3637010,2025.0
3637116,254.0
3638280,4397.0
3638559,1162.0
3638757,254.0
3639760,254.0
3640684,5474.0
3641445,1910.0
3641677,581.0
3642810,3614.0
3644177,2922.0
3645294,4541.0
3647126,10255.0
3649668,7121.0
3650356,1716.0
3650586,581.0
3651864,5398.0
3652906,3123.0
3653950,3722.0
3654206,1703.0
3654853,6310.0
3655539,963.0
3655817,3361.0
3655988,963.0
3656471,1376.0
3658417,87.0
3659252,10223.0
3661720,254.0
3663010,254.0
3665620,3722.0
3665939,433.0
3666840,1288.0
3667868,254.0
3669354,6962.0
3669651,254.0
3670960,4483.0
3671675,1539.0
3671909,254.0
3672196,581.0
3672863,3161.0
3672999,7957.0
3673298,5519.0
3676034,254.0
3676399,1716.0
3677130,4638.0
3677579,96.0
3677627,2747.0
3678463,340.0
3679635,5115.0
3683537,2262.0
3685663,3226.0
3685746,1539.0
3686866,3738.0
3687693,7644.0
3688736,5189.0
3688825,1951.0
3689363,2922.0
3689608,540.0
3689740,540.0
3691223,544.0
3691477,2961.0
3692117,540.0
3698075,2009.0
3702200,6999.0
3702358,4638.0
3703166,1363.0
3705439,254.0
3707773,843.0
3708056,249.0
3708084,2919.0
3710406,471.0
3711234,3958.0
3711271,433.0
3712523,963.0
3713444,2173.0
3714045,254.0
3714421,6497.0
3714550,1964.0
3715118,5745.0
3715301,3714.0
3715447,2587.0
3717113,254.0
3717514,254.0
3718375,6962.0
3719955,4397.0
3720123,4397.0
3720212,2101.0
3720585,1716.0
3722243,2474.0
3722635,540.0
3724471,300.0
3725160,2587.0
3725207,1705.0
3725774,2885.0
3726788,4541.0
3727316,1746.0
3729714,5386.0
3729768,4854.0
3732746,5386.0
3734081,3661.0
3735076,5189.0
3735664,540.0
3735748,540.0
3735843,82.0
3735959,540.0
3738493,9341.0
3738817,3275.0
3739189,254.0
3739814,963.0
3740273,3885.0
3740820,651.0
3741229,3879.0
3741829,423.0
3742860,581.0
3744305,1490.0
3746177,3451.0
3746731,254.0
3747738,5071.0
3748073,3067.0
3748272,5071.0
3748362,740.0
3748830,6900.0
3750950,1525.0
3751007,2678.0
3752528,254.0
3753238,2678.0
3753933,5980.0
3754378,2678.0
3754673,1276.0
3756811,3958.0
3757518,2885.0
3760559,8760.0
3761088,254.0
3761149,4638.0
3762862,5386.0
3762864,5386.0
3763205,4909.0
3763379,87.0
3765275,3067.0
3765669,540.0
3766712,1964.0
3766946,540.0
3768189,6153.0
3769391,340.0
3770417,4506.0
3773027,4854.0
3773163,340.0
3773194,5149.0
3774548,799.0
3774756,1024.0
3774796,8149.0
3775757,254.0
3776304,5386.0
3777077,2823.0
3778071,1995.0
3780129,6234.0
3780375,791.0
3780546,2211.0
3782080,540.0
3783874,2398.0
3785925,1654.0
3786493,2110.0
3787634,1539.0
3787824,1831.0
3788977,540.0
3789065,1170.0
3789936,6491.0
3790480,433.0
3792588,96.0
3793475,1355.0
3794368,4499.0
3794474,6039.0
3794627,1396.0
3795985,1793.0
3797646,1086.0
3798693,6250.0
3798708,7121.0
3798876,4499.0
3799541,6002.0
3799748,222.0
3800727,4499.0
3801328,2474.0
3804664,3294.0
3805493,2354.0
3805960,146.0
3806641,5149.0
3807728,581.0
3808002,4499.0
3808588,433.0
3808676,651.0
3809166,651.0
3809231,2101.0
3809321,4638.0
3809349,2753.0
3810214,896.0
3811039,4404.0
3811209,2587.0
3811985,1910.0
3812655,6999.0
3813432,2490.0
3815458,478.0
3815960,4499.0
3816113,540.0
3816156,3958.0
3816761,8431.0
3816886,4499.0
3817343,5932.0
3817737,958.0
3818290,3123.0
3818529,6310.0
3819952,254.0
3819976,5739.0
3820352,5932.0
3822092,3969.0
3822504,2949.0
3822509,1910.0
3822825,2847.0
3823583,96.0
3825076,7227.0
3826623,7333.0
3826920,3275.0
3827083,1539.0
3827751,4499.0
3830799,9024.0
3830883,2621.0
3832029,1912.0
3833827,433.0
3834567,4499.0
3835530,963.0
3835828,1525.0
3837290,3140.0
3837571,2211.0
3838769,963.0
3840779,4397.0
3841150,7571.0
3841470,2101.0
3842251,890.0
3842464,623.0
3843370,4499.0
3843734,822.0
3845159,299.0
3845238,2885.0
3845611,958.0
3845635,4499.0
3847903,5737.0
3849000,4499.0
3850298,3375.0
3850467,3375.0
3851683,9892.0
3853570,5071.0
3853719,6837.0
3853742,712.0
3854625,581.0
3855361,6837.0
3856930,2514.0
3857239,6643.0
3857344,423.0
3857962,1659.0
3858564,5398.0
3860519,1888.0
3861445,1219.0
3861921,1086.0
3862120,4341.0
3863111,2922.0
3863453,67.0
3863899,3013.0
3864139,2840.0
3864465,593.0
3867015,6686.0
3867755,4748.0
3868334,8431.0
3869220,986.0
3869617,6999.0
3870071,822.0
3870506,822.0
3870590,53.0
3870992,822.0
3872170,2101.0
3872495,2885.0
3872601,2101.0
3873778,540.0
3873904,2539.0
3875020,540.0
3876010,5374.0
3877162,3661.0
3878943,2211.0
3879058,4404.0
3880849,3533.0
3882763,1910.0
3883023,254.0
3883256,1176.0
3884385,1951.0
3885377,1176.0
3885476,1539.0
3887628,254.0
3887896,478.0
3888184,249.0
3889818,254.0
3890333,4499.0
3891564,3275.0
3891987,53.0
3892291,254.0
3892635,3438.0
3893941,3375.0
3895250,2101.0
3895387,2101.0
3897600,87.0
3898736,5416.0
3899019,6686.0
3899839,6686.0
3901546,340.0
3901563,254.0
3903244,4735.0
3904224,5745.0
3904407,6686.0
3905579,6686.0
3907786,694.0
3908032,6686.0
3908175,2823.0
3908927,2311.0
3909295,2311.0
3910118,2311.0
3910272,3722.0
3912444,6686.0
3913030,3497.0
3913631,890.0
3914345,2643.0
3914752,2643.0
3914890,890.0
3914990,2643.0
3915043,2643.0
3915838,581.0
3916502,540.0
3917793,1539.0
3918865,6686.0
3919234,1539.0
